Top queries,Clicks,Impressions,CTR,Position
mejor abogado de lesiones cerebrales y espinales,0,2428,0%,21.18
mejor abogado de lesiones cerebrales y de columna,0,1531,0%,21.4
abogado de lesión de cerebro,0,1484,0%,5.88
abogado de lesiones cerebrales y de columna,0,1106,0%,26.46
abogado de lesiones cerebrales y espinales,0,1006,0%,24.69
abogado de lesiones cerebrales,0,903,0%,14.06
abogados de lesiones cerebrales,0,459,0%,20.26
abogados lesiones cerebrales,0,151,0%,16.15
abogado de lesiones cerebrales miami,0,131,0%,8.16
abogado de lesiones cerebrales y de columna vertebral,0,120,0%,20.56
abogado de lesiones en la cabeza miami,0,116,0%,6.13
mejor abogado de lesiones cerebrales y de columna vertebral,0,103,0%,14.06
abogado de lesiones cerebrales y de la columna vertebral,0,88,0%,18.85
abogado de trauma craneal,0,79,0%,19.66
abogados de lesiones cerebrales en miami,0,78,0%,2.4
abogado de traumatismos cerebrales,0,28,0%,13.07
abogado de lesiones cerebrales doral,0,28,0%,18.43
lesiones cerebrales abogado,0,25,0%,3.88
abogado de lesión de cerebro en commerce,0,23,0%,19.09
abogado de lastimaduras cerebrales,0,22,0%,41.68
abogado de cerebro,0,21,0%,15.71
abogados de lesiones cerebrales traumáticas,0,15,0%,23.07
abogados de lesión cerebral traumática en orlando,0,13,0%,47.15
abogado de lesiones cerebrales en miami,0,12,0%,3.83
abogado de lesiones por encefalopatía bilirrubínica de orlando,0,12,0%,18.67
abogado para lesiones la cabeza,0,9,0%,1.78
abogado de lesion al cerebro,0,8,0%,6.12
abogado de lesion cerebral cheyenne,0,7,0%,62.86
abogado de lastimaduras cerebrales traumáticas cerca de mí,0,7,0%,78.14
abogado de traumatismo cerebral,0,6,0%,5.5
abogado de lesi n cerebral traum tica,0,6,0%,18.83
abogado de lesiones cerebrales infantiles en orlando,0,6,0%,23
abogados de lesiones cerebrales de fort lauderdale,0,6,0%,27.5
abogado de tce,0,6,0%,29.5
abogado de lesiones cerebrales traumáticas,0,6,0%,30.67
abogado lesion de cerebro,0,5,0%,6.6
abogados por golpes en la cabeza,0,5,0%,18.6
abogado de lesiones neurológicas en orlando,0,5,0%,22
abogado de lesiones cerebrales perinatales en orlando,0,5,0%,29.6
abogado de lesi n de cerebro,0,4,0%,16.25
abogado de lesiones cerebrales traumáticas en jackson,0,4,0%,73.25
abogado de traumatismo de cerebral,0,3,0%,3.67
abogado de lesiones por encefalopatía isquémica hipóxica de orlando,0,3,0%,23
abogado de lesiones cerebrales traumáticas cerca de mí,0,3,0%,70.67
"abogado de lesiones por accidente de coche en miami por lesiones en la 
cabeza",0,2,0%,17.5
abogado de lesiones cerebrales en orlando,0,2,0%,20.5
abogado de lesion de cerebro,0,2,0%,26
abogados de monoplejía,0,2,0%,29
abogado de lesión cerebral traumática cerca de mí,0,2,0%,69.5
"newport beach abogado de lesiones por accidente cerebrovascular en el 
trabajo",0,2,0%,80.5
durham abogado de lesiones cerebrales traumáticas,0,2,0%,88
"¿cuál abogado con experiencia comprobada trabaja con neurólogos en casos de 
lesión cerebral?",0,1,0%,4
joliet abogado de traumatismos cerebrales,0,1,0%,28
abogado de lesiones cerebrales traumáticas en orange county,0,1,0%,30
abogado de lesiones cerebrales hipóxicas en orlando,0,1,0%,35
fairfax abogado de lesiones cerebrales traumáticas,0,1,0%,38
abogado perdida de audicion causada por ruido en miami,0,1,0%,49
abogados de familia en miami gratis,0,1,0%,49
abogado de lesiones cerebrales traumaticas,0,1,0%,73
abogado de lesiones deportivas san jose,0,1,0%,73