Top pages,Clicks,Impressions,CTR,Position
https://avanaplasticsurgery.com/espanol/lipo-360-en-miami,0,260,0%,3.87
https://avanaplasticsurgery.com/espanol/liposuccion-en-miami-florida,0,207,0%,9.45
https://avanaplasticsurgery.com/espanol/liposuccion-de-papada-en-miami,0,15,0%,12.73
https://avanaplasticsurgery.com/espanol/marcacion-abdominal-miami,0,11,0%,36.36
https://avanaplasticsurgery.com/espanol/tummy-tuck-en-miami,0,9,0%,68.67
https://avanaplasticsurgery.com/espanol/mommy-makeover-en-miami,0,6,0%,44.67
https://avanaplasticsurgery.com/espanol,0,2,0%,67.5
https://avanaplasticsurgery.com/espanol/west-miami,0,2,0%,85.5
https://avanaplasticsurgery.com/abdominal-etching-surgery-in-miami,0,1,0%,11
https://avanaplasticsurgery.com/espanol/video/lipo360-by-dr-mameniskis-2-months-post-op,0,1,0%,27
https://avanaplasticsurgery.com/espanol/video/lipo-360-25-days-po-by-dr-mameniskis-testimonial,0,1,0%,46
https://avanaplasticsurgery.com/liposuction-miami,0,1,0%,90